{
  "code": 200,
  "data": {
    "interval": 15,
    "percentile": {
      "p05": [
        110.47821639937055,
        108.19682153882368,
        106.562726171995,
        105.06595056643575,
        103.84217122302097,
        102.89422252752206,
        101.96068980758884,
        100.8321770828014,
        99.48946043185396,
        97.93163399712988,
        96.17804906483582,
        94.38383158097805,
        92.70712950087149,
        91.18993561723548,
        89.80070327640561,
        88.48072515294206,
        87.17752922305019,
        85.85480635459555,
        84.6011494817011,
        83.50512190226881,
        82.58810435976596,
        81.84920915264047,
        81.25309038644829,
        80.79299401816456,
        80.56545398886014,
        80.68538225628664,
        81.17145291997329,
        81.92447144301678,
        82.85259838582493,
        83.92359762413471,
        85.13337886828255,
        86.47875261063652,
        87.91751159811595,
        89.30980704398216,
        90.52216580362962,
        91.48011443685286,
        92.15180155670424,
        92.59076012988027,
        92.83559480408499,
        92.87531380473389,
        92.62546243134715,
        91.98513545456846,
        90.94846781372169,
        89.60892663375195,
        88.17023135605226,
        86.81232065882119,
        85.54961981847983,
        84.35260386159328,
        83.28321902498064,
        82.45033667869251,
        81.90374351824913,
        81.70905767134946,
        81.90767049350802,
        82.39711914488157,
        82.88927984943827,
        83.17128620326588,
        83.2286516368037,
        83.16095900779595,
        83.12481256985153,
        83.11983777257558,
        83.00073837230562,
        82.73433620004941,
        82.34986301544446,
        81.91197656526221,
        81.55575283605249,
        81.39740844364715,
        81.49479880833813,
        81.82242283075864,
        82.25904735074006,
        82.71013208135061,
        83.22440172153517,
        83.84018483241158,
        84.58581076054081,
        85.41428322340121,
        86.24052265478038,
        87.03208381729178,
        87.67913060271206,
        88.10679928950812,
        88.30985070805882,
        88.37446193672783,
        88.65673429029384,
        89.4257401397717,
        90.6495928321981,
        92.08222463849529,
        93.50362421764376,
        94.84575265381355,
        96.23793227898489,
        97.82759720816273,
        99.61396795592294,
        101.34923217015732,
        102.69140572363821,
        103.59030223312743,
        104.21038324223537,
        104.67745816865147,
        105.08782569340156,
        105.4314996530587,
        110.47821639937055
      ],
      "p25": [
        144.13123524067225,
        141.8121377246483,
        139.85447729504398,
        137.9984023157073,
        136.1709648813436,
        134.32317401138613,
        132.4139451792879,
        130.41079336539602,
        128.328849251648,
        126.27088990062889,
        124.34073774967503,
        122.5768123298404,
        120.9981918076568,
        119.59652269157287,
        118.32304612926157,
        117.13843082875373,
        116.0370512110284,
        115.0130512265777,
        114.03733087183505,
        113.06753172613674,
        112.0325339262213,
        110.90510398776189,
        109.7340746421,
        108.63240686345367,
        107.71594869545059,
        107.03183040292276,
        106.57018012116424,
        106.313720326777,
        106.27571026927153,
        106.50309026435752,
        107.03910789320328,
        107.93308434585768,
        109.18748827919623,
        110.78429984492163,
        112.70453897578048,
        114.92962389986485,
        117.33696957386947,
        119.71021647404797,
        121.91718644064659,
        123.82073961966842,
        125.30695117658888,
        126.3278171232601,
        126.8843070525672,
        126.96506564852915,
        126.50099954989872,
        125.44581011078557,
        123.93814909868583,
        122.27992327887596,
        120.7029844266299,
        119.29969460604383,
        118.109217326667,
        117.1491867044515,
        116.40383234331154,
        115.86289083272304,
        115.50541960450607,
        115.28443091880376,
        115.1929704573422,
        115.23605166530064,
        115.3424057226866,
        115.44390819458377,
        115.48442991375775,
        115.48090057201314,
        115.50543716313244,
        115.6408019893109,
        115.97909979177531,
        116.55595100602017,
        117.32325666882166,
        118.22940870205593,
        119.25220483013285,
        120.36556166862208,
        121.53668576303002,
        122.71992422373444,
        123.82706906158558,
        124.73350671115622,
        125.37102361707599,
        125.70849152041252,
        125.71506080577842,
        125.38005097068853,
        124.79873081006109,
        124.24427973750457,
        123.99387125240605,
        124.14509173247954,
        124.64331151308569,
        125.44598688870765,
        126.57754120057618,
        128.0440651052058,
        129.85027546871268,
        132.0847474902325,
        134.69714908388895,
        137.4010882039662,
        139.95498971733673,
        142.09323613641666,
        143.73832387528648,
        145.04043638479823,
        146.12440773727752,
        146.54071625296945,
        144.13123524067225
      ],